"","ss_index","",""
"","0","1","Total"
"","b/se","b/se","b/se"
"111","0.3394","0.6606","1.0000"
"","0.09","0.09",""
"112","0.0203","0.9797","1.0000"
"","0.02","0.02",""
"113","0.0120","0.9880","1.0000"
"","0.01","0.01",""
"114","0.0162","0.9838","1.0000"
"","0.02","0.02",""
"121","0.5930","0.4070","1.0000"
"","0.15","0.15",""
"122","0.1681","0.8319","1.0000"
"","0.07","0.07",""
"123","0.0853","0.9147","1.0000"
"","0.03","0.03",""
"130","0.1467","0.8533","1.0000"
"","0.09","0.09",""
"211","0.0748","0.9252","1.0000"
"","0.03","0.03",""
"212","0.0807","0.9193","1.0000"
"","0.09","0.09",""
"213","0.3258","0.6742","1.0000"
"","0.10","0.10",""
"214","0.0736","0.9264","1.0000"
"","0.04","0.04",""
"221","0.0000","1.0000","1.0000"
"","0.00","0.00",""
"222","0.2264","0.7736","1.0000"
"","0.09","0.09",""
"223","0.1672","0.8328","1.0000"
"","0.06","0.06",""
"231","0.0725","0.9275","1.0000"
"","0.04","0.04",""
"232","0.2091","0.7909","1.0000"
"","0.05","0.05",""
"233","0.2721","0.7279","1.0000"
"","0.10","0.10",""
"241","0.2428","0.7572","1.0000"
"","0.08","0.08",""
"242","0.2538","0.7462","1.0000"
"","0.14","0.14",""
"243","0.0000","1.0000","1.0000"
"","0.00","0.00",""
"244","0.3172","0.6828","1.0000"
"","0.15","0.15",""
"245","0.7996","0.2004","1.0000"
"","0.10","0.10",""
"246","0.6304","0.3696","1.0000"
"","0.10","0.10",""
"311","0.1360","0.8640","1.0000"
"","0.08","0.08",""
"312","0.1263","0.8737","1.0000"
"","0.06","0.06",""
"313","0.2869","0.7131","1.0000"
"","0.14","0.14",""
"314","0.0000","1.0000","1.0000"
"","0.00","0.00",""
"315","0.2261","0.7739","1.0000"
"","0.14","0.14",""
"321","0.0198","0.9802","1.0000"
"","0.02","0.02",""
"322","0.2071","0.7929","1.0000"
"","0.07","0.07",""
"323","0.1992","0.8008","1.0000"
"","0.06","0.06",""
"324","0.1061","0.8939","1.0000"
"","0.14","0.14",""
"331","0.1607","0.8393","1.0000"
"","0.04","0.04",""
"332","0.1827","0.8173","1.0000"
"","0.04","0.04",""
"333","0.1292","0.8708","1.0000"
"","0.14","0.14",""
"334","0.1972","0.8028","1.0000"
"","0.10","0.10",""
"341","0.3001","0.6999","1.0000"
"","0.06","0.06",""
"342","0.2747","0.7253","1.0000"
"","0.09","0.09",""
"343","0.1643","0.8357","1.0000"
"","0.04","0.04",""
"344","0.0768","0.9232","1.0000"
"","0.04","0.04",""
"345","0.0000","1.0000","1.0000"
"","0.00","0.00",""
"346","0.0734","0.9266","1.0000"
"","0.06","0.06",""
"347","0.6142","0.3858","1.0000"
"","0.17","0.17",""
"348","0.6291","0.3709","1.0000"
"","0.21","0.21",""
"411","0.4175","0.5825","1.0000"
"","0.08","0.08",""
"412","0.1877","0.8123","1.0000"
"","0.05","0.05",""
"413","0.3139","0.6861","1.0000"
"","0.09","0.09",""
"414","0.1537","0.8463","1.0000"
"","0.10","0.10",""
"419","0.1275","0.8725","1.0000"
"","0.03","0.03",""
"421","0.3305","0.6695","1.0000"
"","0.09","0.09",""
"422","0.1733","0.8267","1.0000"
"","0.09","0.09",""
"511","0.5491","0.4509","1.0000"
"","0.15","0.15",""
"512","0.6622","0.3378","1.0000"
"","0.05","0.05",""
"513","0.2461","0.7539","1.0000"
"","0.04","0.04",""
"514","0.5444","0.4556","1.0000"
"","0.10","0.10",""
"515","0.6014","0.3986","1.0000"
"","0.34","0.34",""
"516","0.1292","0.8708","1.0000"
"","0.03","0.03",""
"521","0.8230","0.1770","1.0000"
"","0.21","0.21",""
"522","0.7082","0.2918","1.0000"
"","0.05","0.05",""
"523","0.5058","0.4942","1.0000"
"","0.08","0.08",""
"611","0.7219","0.2781","1.0000"
"","0.07","0.07",""
"612","0.7534","0.2466","1.0000"
"","0.14","0.14",""
"613","0.8848","0.1152","1.0000"
"","0.14","0.14",""
"614","0.5218","0.4782","1.0000"
"","0.11","0.11",""
"615","0.8096","0.1904","1.0000"
"","0.06","0.06",""
"620","0.6503","0.3497","1.0000"
"","0.08","0.08",""
"711","0.8770","0.1230","1.0000"
"","0.05","0.05",""
"712","0.7907","0.2093","1.0000"
"","0.09","0.09",""
"713","0.5334","0.4666","1.0000"
"","0.17","0.17",""
"714","0.8388","0.1612","1.0000"
"","0.06","0.06",""
"721","0.5777","0.4223","1.0000"
"","0.08","0.08",""
"722","0.7418","0.2582","1.0000"
"","0.18","0.18",""
"723","0.5990","0.4010","1.0000"
"","0.05","0.05",""
"724","0.5204","0.4796","1.0000"
"","0.05","0.05",""
"731","0.8088","0.1912","1.0000"
"","0.07","0.07",""
"732","0.8992","0.1008","1.0000"
"","0.08","0.08",""
"733","0.7473","0.2527","1.0000"
"","0.20","0.20",""
"734","0.5379","0.4621","1.0000"
"","0.20","0.20",""
"741","0.6045","0.3955","1.0000"
"","0.07","0.07",""
"742","0.7217","0.2783","1.0000"
"","0.07","0.07",""
"743","0.7023","0.2977","1.0000"
"","0.06","0.06",""
"744","0.4208","0.5792","1.0000"
"","0.15","0.15",""
"811","0.6990","0.3010","1.0000"
"","0.15","0.15",""
"812","0.3754","0.6246","1.0000"
"","0.19","0.19",""
"813","0.9748","0.0252","1.0000"
"","0.02","0.02",""
"814","0.6830","0.3170","1.0000"
"","0.11","0.11",""
"815","0.1060","0.8940","1.0000"
"","0.05","0.05",""
"816","0.1472","0.8528","1.0000"
"","0.04","0.04",""
"817","0.0000","1.0000","1.0000"
"","0.00","0.00",""
"821","0.1916","0.8084","1.0000"
"","0.10","0.10",""
"822","0.1524","0.8476","1.0000"
"","0.09","0.09",""
"823","0.3985","0.6015","1.0000"
"","0.14","0.14",""
"824","0.8430","0.1570","1.0000"
"","0.04","0.04",""
"825","0.2244","0.7756","1.0000"
"","0.17","0.17",""
"826","0.5356","0.4644","1.0000"
"","0.16","0.16",""
"827","0.6880","0.3120","1.0000"
"","0.07","0.07",""
"828","0.6512","0.3488","1.0000"
"","0.19","0.19",""
"829","0.5366","0.4634","1.0000"
"","0.13","0.13",""
"831","0.2480","0.7520","1.0000"
"","0.15","0.15",""
"832","0.6873","0.3127","1.0000"
"","0.04","0.04",""
"833","0.6470","0.3530","1.0000"
"","0.09","0.09",""
"834","0.0969","0.9031","1.0000"
"","0.12","0.12",""
"911","0.3525","0.6475","1.0000"
"","0.15","0.15",""
"912","0.3510","0.6490","1.0000"
"","0.32","0.32",""
"913","0.7082","0.2918","1.0000"
"","0.05","0.05",""
"914","0.5852","0.4148","1.0000"
"","0.15","0.15",""
"915","0.4900","0.5100","1.0000"
"","0.05","0.05",""
"916","0.4144","0.5856","1.0000"
"","0.07","0.07",""
"920","0.8674","0.1326","1.0000"
"","0.03","0.03",""
"931","0.8484","0.1516","1.0000"
"","0.04","0.04",""
"932","0.6117","0.3883","1.0000"
"","0.11","0.11",""
"933","0.7129","0.2871","1.0000"
"","0.07","0.07",""
"970","0.0000","1.0000","1.0000"
"","0.00","0.00",""
"980","0.2121","0.7879","1.0000"
"","0.16","0.16",""
"990","0.7604","0.2396","1.0000"
"","0.18","0.18",""
"Total","0.6275","0.3725","1.0000"
"","0.04","0.04",""
"N","25556","",""
