"","p_paidleave","",""
"","1","2","Total"
"","b/se","b/se","b/se"
"111","0.5850","0.4150","1.0000"
"","0.11","0.11",""
"112","0.7654","0.2346","1.0000"
"","0.08","0.08",""
"113","0.3408","0.6592","1.0000"
"","0.19","0.19",""
"114","0.8972","0.1028","1.0000"
"","0.12","0.12",""
"121","0.0923","0.9077","1.0000"
"","0.07","0.07",""
"122","0.8152","0.1848","1.0000"
"","0.06","0.06",""
"123","0.6798","0.3202","1.0000"
"","0.13","0.13",""
"130","0.8270","0.1730","1.0000"
"","0.11","0.11",""
"211","0.9167","0.0833","1.0000"
"","0.03","0.03",""
"212","0.6465","0.3535","1.0000"
"","0.30","0.30",""
"213","0.4600","0.5400","1.0000"
"","0.13","0.13",""
"214","0.7520","0.2480","1.0000"
"","0.12","0.12",""
"221","0.8534","0.1466","1.0000"
"","0.11","0.11",""
"222","0.4182","0.5818","1.0000"
"","0.11","0.11",""
"223","0.6258","0.3742","1.0000"
"","0.11","0.11",""
"231","0.8262","0.1738","1.0000"
"","0.07","0.07",""
"232","0.7269","0.2731","1.0000"
"","0.06","0.06",""
"233","0.6053","0.3947","1.0000"
"","0.08","0.08",""
"241","0.4763","0.5237","1.0000"
"","0.11","0.11",""
"242","0.4974","0.5026","1.0000"
"","0.22","0.22",""
"243","0.5213","0.4787","1.0000"
"","0.28","0.28",""
"244","0.4685","0.5315","1.0000"
"","0.12","0.12",""
"245","0.0968","0.9032","1.0000"
"","0.07","0.07",""
"246","0.1801","0.8199","1.0000"
"","0.08","0.08",""
"311","0.6250","0.3750","1.0000"
"","0.17","0.17",""
"312","0.7796","0.2204","1.0000"
"","0.12","0.12",""
"313","0.5358","0.4642","1.0000"
"","0.20","0.20",""
"314","1.0000","0.0000","1.0000"
"","0.00","0.00",""
"315","0.5638","0.4362","1.0000"
"","0.14","0.14",""
"321","0.9680","0.0320","1.0000"
"","0.03","0.03",""
"322","0.4786","0.5214","1.0000"
"","0.08","0.08",""
"323","0.5009","0.4991","1.0000"
"","0.08","0.08",""
"324","0.9529","0.0471","1.0000"
"","0.06","0.06",""
"331","0.7768","0.2232","1.0000"
"","0.04","0.04",""
"332","0.5554","0.4446","1.0000"
"","0.04","0.04",""
"333","0.7322","0.2678","1.0000"
"","0.22","0.22",""
"334","0.4800","0.5200","1.0000"
"","0.15","0.15",""
"341","0.4682","0.5318","1.0000"
"","0.07","0.07",""
"342","0.2967","0.7033","1.0000"
"","0.16","0.16",""
"343","0.7839","0.2161","1.0000"
"","0.09","0.09",""
"344","0.8571","0.1429","1.0000"
"","0.06","0.06",""
"345","0.9704","0.0296","1.0000"
"","0.02","0.02",""
"346","0.7144","0.2856","1.0000"
"","0.08","0.08",""
"347","0.4127","0.5873","1.0000"
"","0.21","0.21",""
"348","0.2157","0.7843","1.0000"
"","0.16","0.16",""
"411","0.4535","0.5465","1.0000"
"","0.07","0.07",""
"412","0.7779","0.2221","1.0000"
"","0.09","0.09",""
"413","0.4519","0.5481","1.0000"
"","0.13","0.13",""
"414","0.7074","0.2926","1.0000"
"","0.13","0.13",""
"419","0.7147","0.2853","1.0000"
"","0.04","0.04",""
"421","0.5343","0.4657","1.0000"
"","0.12","0.12",""
"422","0.4994","0.5006","1.0000"
"","0.19","0.19",""
"511","0.3037","0.6963","1.0000"
"","0.16","0.16",""
"512","0.1832","0.8168","1.0000"
"","0.04","0.04",""
"513","0.6459","0.3541","1.0000"
"","0.05","0.05",""
"514","0.2363","0.7637","1.0000"
"","0.05","0.05",""
"515","0.0000","1.0000","1.0000"
"","0.00","0.00",""
"516","0.6790","0.3210","1.0000"
"","0.05","0.05",""
"521","0.0000","1.0000","1.0000"
"","0.00","0.00",""
"522","0.1833","0.8167","1.0000"
"","0.04","0.04",""
"523","0.2038","0.7962","1.0000"
"","0.07","0.07",""
"611","0.1331","0.8669","1.0000"
"","0.07","0.07",""
"612","0.1711","0.8289","1.0000"
"","0.11","0.11",""
"613","0.0000","1.0000","1.0000"
"","0.00","0.00",""
"614","0.2507","0.7493","1.0000"
"","0.13","0.13",""
"615","0.1041","0.8959","1.0000"
"","0.04","0.04",""
"620","0.2318","0.7682","1.0000"
"","0.12","0.12",""
"711","0.1465","0.8535","1.0000"
"","0.11","0.11",""
"712","0.0266","0.9734","1.0000"
"","0.02","0.02",""
"713","0.1032","0.8968","1.0000"
"","0.02","0.02",""
"714","0.0231","0.9769","1.0000"
"","0.01","0.01",""
"721","0.1034","0.8966","1.0000"
"","0.03","0.03",""
"722","0.0458","0.9542","1.0000"
"","0.04","0.04",""
"723","0.2252","0.7748","1.0000"
"","0.05","0.05",""
"724","0.2873","0.7127","1.0000"
"","0.08","0.08",""
"731","0.1137","0.8863","1.0000"
"","0.08","0.08",""
"732","0.0000","1.0000","1.0000"
"","0.00","0.00",""
"733","0.0150","0.9850","1.0000"
"","0.01","0.01",""
"734","0.1162","0.8838","1.0000"
"","0.10","0.10",""
"741","0.1053","0.8947","1.0000"
"","0.03","0.03",""
"742","0.0983","0.9017","1.0000"
"","0.06","0.06",""
"743","0.1001","0.8999","1.0000"
"","0.04","0.04",""
"744","0.3678","0.6322","1.0000"
"","0.23","0.23",""
"811","0.1787","0.8213","1.0000"
"","0.11","0.11",""
"812","0.6757","0.3243","1.0000"
"","0.21","0.21",""
"813","0.0172","0.9828","1.0000"
"","0.01","0.01",""
"814","0.0238","0.9762","1.0000"
"","0.01","0.01",""
"815","0.2119","0.7881","1.0000"
"","0.12","0.12",""
"816","0.7402","0.2598","1.0000"
"","0.09","0.09",""
"817","1.0000","0.0000","1.0000"
"","0.00","0.00",""
"821","0.6188","0.3812","1.0000"
"","0.15","0.15",""
"822","0.7053","0.2947","1.0000"
"","0.11","0.11",""
"823","0.1384","0.8616","1.0000"
"","0.08","0.08",""
"824","0.0577","0.9423","1.0000"
"","0.05","0.05",""
"825","0.0022","0.9978","1.0000"
"","0.00","0.00",""
"826","0.0832","0.9168","1.0000"
"","0.04","0.04",""
"827","0.2173","0.7827","1.0000"
"","0.10","0.10",""
"828","0.0046","0.9954","1.0000"
"","0.01","0.01",""
"829","0.2796","0.7204","1.0000"
"","0.12","0.12",""
"831","0.7043","0.2957","1.0000"
"","0.18","0.18",""
"832","0.1381","0.8619","1.0000"
"","0.03","0.03",""
"833","0.1376","0.8624","1.0000"
"","0.07","0.07",""
"834","0.1057","0.8943","1.0000"
"","0.12","0.12",""
"911","0.0194","0.9806","1.0000"
"","0.02","0.02",""
"912","0.0380","0.9620","1.0000"
"","0.05","0.05",""
"913","0.1867","0.8133","1.0000"
"","0.04","0.04",""
"914","0.3259","0.6741","1.0000"
"","0.17","0.17",""
"915","0.2619","0.7381","1.0000"
"","0.05","0.05",""
"916","0.3950","0.6050","1.0000"
"","0.07","0.07",""
"920","0.0343","0.9657","1.0000"
"","0.01","0.01",""
"931","0.0103","0.9897","1.0000"
"","0.00","0.00",""
"932","0.1046","0.8954","1.0000"
"","0.02","0.02",""
"933","0.0709","0.9291","1.0000"
"","0.03","0.03",""
"970","0.0000","1.0000","1.0000"
"","0.00","0.00",""
"980","0.1168","0.8832","1.0000"
"","0.11","0.11",""
"990","0.2555","0.7445","1.0000"
"","0.22","0.22",""
"Total","0.1960","0.8040","1.0000"
"","0.02","0.02",""
"N","22162","",""
"","p_paidleave","",""
"","1","2","Total"
"","b/se","b/se","b/se"
"111","0.5961","0.4039","1.0000"
"","0.16","0.16",""
"112","0.7866","0.2134","1.0000"
"","0.04","0.04",""
"113","0.8935","0.1065","1.0000"
"","0.12","0.12",""
"114","0.7486","0.2514","1.0000"
"","0.14","0.14",""
"121","0.4466","0.5534","1.0000"
"","0.08","0.08",""
"122","0.7255","0.2745","1.0000"
"","0.03","0.03",""
"123","0.6894","0.3106","1.0000"
"","0.05","0.05",""
"130","0.8125","0.1875","1.0000"
"","0.04","0.04",""
"211","0.7582","0.2418","1.0000"
"","0.05","0.05",""
"212","0.6871","0.3129","1.0000"
"","0.08","0.08",""
"213","0.7137","0.2863","1.0000"
"","0.05","0.05",""
"214","0.7652","0.2348","1.0000"
"","0.03","0.03",""
"221","0.5725","0.4275","1.0000"
"","0.12","0.12",""
"222","0.7349","0.2651","1.0000"
"","0.04","0.04",""
"223","0.6127","0.3873","1.0000"
"","0.05","0.05",""
"231","0.7744","0.2256","1.0000"
"","0.04","0.04",""
"232","0.6769","0.3231","1.0000"
"","0.03","0.03",""
"233","0.5685","0.4315","1.0000"
"","0.02","0.02",""
"241","0.5571","0.4429","1.0000"
"","0.04","0.04",""
"242","0.7968","0.2032","1.0000"
"","0.07","0.07",""
"243","0.6643","0.3357","1.0000"
"","0.19","0.19",""
"244","0.8556","0.1444","1.0000"
"","0.06","0.06",""
"245","0.4747","0.5253","1.0000"
"","0.08","0.08",""
"246","0.2281","0.7719","1.0000"
"","0.05","0.05",""
"311","0.6865","0.3135","1.0000"
"","0.04","0.04",""
"312","0.7013","0.2987","1.0000"
"","0.04","0.04",""
"313","0.5720","0.4280","1.0000"
"","0.08","0.08",""
"314","0.7884","0.2116","1.0000"
"","0.11","0.11",""
"315","0.7302","0.2698","1.0000"
"","0.11","0.11",""
"321","0.6996","0.3004","1.0000"
"","0.13","0.13",""
"322","0.6493","0.3507","1.0000"
"","0.03","0.03",""
"323","0.5792","0.4208","1.0000"
"","0.06","0.06",""
"324","0.4166","0.5834","1.0000"
"","0.16","0.16",""
"331","0.7055","0.2945","1.0000"
"","0.02","0.02",""
"332","0.6173","0.3827","1.0000"
"","0.07","0.07",""
"333","0.8526","0.1474","1.0000"
"","0.07","0.07",""
"334","0.7699","0.2301","1.0000"
"","0.08","0.08",""
"341","0.5602","0.4398","1.0000"
"","0.04","0.04",""
"342","0.6341","0.3659","1.0000"
"","0.08","0.08",""
"343","0.8017","0.1983","1.0000"
"","0.04","0.04",""
"344","0.8227","0.1773","1.0000"
"","0.04","0.04",""
"345","0.8301","0.1699","1.0000"
"","0.07","0.07",""
"346","0.4685","0.5315","1.0000"
"","0.11","0.11",""
"347","0.2870","0.7130","1.0000"
"","0.06","0.06",""
"348","0.0349","0.9651","1.0000"
"","0.04","0.04",""
"411","0.6239","0.3761","1.0000"
"","0.06","0.06",""
"412","0.6778","0.3222","1.0000"
"","0.03","0.03",""
"413","0.6188","0.3812","1.0000"
"","0.06","0.06",""
"414","0.7486","0.2514","1.0000"
"","0.06","0.06",""
"419","0.6690","0.3310","1.0000"
"","0.04","0.04",""
"421","0.6842","0.3158","1.0000"
"","0.03","0.03",""
"422","0.5720","0.4280","1.0000"
"","0.06","0.06",""
"511","0.4198","0.5802","1.0000"
"","0.07","0.07",""
"512","0.1842","0.8158","1.0000"
"","0.04","0.04",""
"513","0.5228","0.4772","1.0000"
"","0.04","0.04",""
"514","0.1902","0.8098","1.0000"
"","0.04","0.04",""
"515","0.2738","0.7262","1.0000"
"","0.16","0.16",""
"516","0.6437","0.3563","1.0000"
"","0.05","0.05",""
"521","0.0000","1.0000","1.0000"
"","0.00","0.00",""
"522","0.1950","0.8050","1.0000"
"","0.03","0.03",""
"523","0.2589","0.7411","1.0000"
"","0.05","0.05",""
"611","0.2118","0.7882","1.0000"
"","0.09","0.09",""
"612","0.1463","0.8537","1.0000"
"","0.06","0.06",""
"614","0.5464","0.4536","1.0000"
"","0.11","0.11",""
"615","0.3197","0.6803","1.0000"
"","0.07","0.07",""
"620","0.1018","0.8982","1.0000"
"","0.10","0.10",""
"711","0.0901","0.9099","1.0000"
"","0.05","0.05",""
"712","0.0305","0.9695","1.0000"
"","0.01","0.01",""
"713","0.1477","0.8523","1.0000"
"","0.03","0.03",""
"714","0.0359","0.9641","1.0000"
"","0.01","0.01",""
"721","0.1579","0.8421","1.0000"
"","0.04","0.04",""
"722","0.1701","0.8299","1.0000"
"","0.06","0.06",""
"723","0.2775","0.7225","1.0000"
"","0.03","0.03",""
"724","0.4204","0.5796","1.0000"
"","0.03","0.03",""
"731","0.0911","0.9089","1.0000"
"","0.06","0.06",""
"732","0.2639","0.7361","1.0000"
"","0.13","0.13",""
"733","0.0717","0.9283","1.0000"
"","0.03","0.03",""
"734","0.1419","0.8581","1.0000"
"","0.05","0.05",""
"741","0.1222","0.8778","1.0000"
"","0.03","0.03",""
"742","0.1656","0.8344","1.0000"
"","0.06","0.06",""
"743","0.1655","0.8345","1.0000"
"","0.02","0.02",""
"744","0.2264","0.7736","1.0000"
"","0.09","0.09",""
"811","0.4613","0.5387","1.0000"
"","0.09","0.09",""
"812","0.3631","0.6369","1.0000"
"","0.11","0.11",""
"813","0.2403","0.7597","1.0000"
"","0.15","0.15",""
"814","0.0830","0.9170","1.0000"
"","0.05","0.05",""
"815","0.3772","0.6228","1.0000"
"","0.13","0.13",""
"816","0.5682","0.4318","1.0000"
"","0.04","0.04",""
"817","0.6909","0.3091","1.0000"
"","0.24","0.24",""
"821","0.4098","0.5902","1.0000"
"","0.07","0.07",""
"822","0.4121","0.5879","1.0000"
"","0.12","0.12",""
"823","0.2723","0.7277","1.0000"
"","0.07","0.07",""
"824","0.2662","0.7338","1.0000"
"","0.13","0.13",""
"825","0.3814","0.6186","1.0000"
"","0.11","0.11",""
"826","0.1742","0.8258","1.0000"
"","0.06","0.06",""
"827","0.2579","0.7421","1.0000"
"","0.09","0.09",""
"828","0.2543","0.7457","1.0000"
"","0.09","0.09",""
"829","0.3696","0.6304","1.0000"
"","0.12","0.12",""
"831","0.6574","0.3426","1.0000"
"","0.11","0.11",""
"832","0.2057","0.7943","1.0000"
"","0.03","0.03",""
"833","0.2821","0.7179","1.0000"
"","0.09","0.09",""
"834","0.6054","0.3946","1.0000"
"","0.10","0.10",""
"911","0.2716","0.7284","1.0000"
"","0.07","0.07",""
"912","0.1187","0.8813","1.0000"
"","0.09","0.09",""
"913","0.1444","0.8556","1.0000"
"","0.02","0.02",""
"914","0.3264","0.6736","1.0000"
"","0.07","0.07",""
"915","0.2816","0.7184","1.0000"
"","0.05","0.05",""
"916","0.3676","0.6324","1.0000"
"","0.03","0.03",""
"920","0.0468","0.9532","1.0000"
"","0.03","0.03",""
"931","0.0299","0.9701","1.0000"
"","0.01","0.01",""
"932","0.1948","0.8052","1.0000"
"","0.04","0.04",""
"933","0.1367","0.8633","1.0000"
"","0.04","0.04",""
"980","0.1323","0.8677","1.0000"
"","0.11","0.11",""
"990","0.0000","1.0000","1.0000"
"","0.00","0.00",""
"Total","0.3417","0.6583","1.0000"
"","0.02","0.02",""
"N","39482","",""
