"","."
"","b/se"
"1","0.0457"
"","0.01"
"2","0.0198"
"","0.00"
"3","0.0259"
"","0.00"
"4","0.0111"
"","0.00"
"5","0.0648"
"","0.01"
"6","0.4281"
"","0.03"
"7","0.0921"
"","0.01"
"8","0.0459"
"","0.00"
"9","0.2661"
"","0.02"
"10","0.0005"
"","0.00"
"Total","1.0000"
"","0.00"
"N","84621"
"","."
"","b/se"
"1","0.1457"
"","0.01"
"2","0.0860"
"","0.01"
"3","0.0745"
"","0.00"
"4","0.0412"
"","0.00"
"5","0.1692"
"","0.01"
"6","0.0416"
"","0.00"
"7","0.1861"
"","0.01"
"8","0.0921"
"","0.01"
"9","0.1631"
"","0.01"
"10","0.0005"
"","0.00"
"Total","1.0000"
"","0.00"
"N","60892"
